{
  "version": 1,
  "dependencies": [
    {
      "source": {
        "git": {
          "remote": "https://github.com/brancz/kubernetes-grafana",
          "subdir": "grafana"
        }
      },
      "version": "release-0.2"
    },
    {
      "source": {
        "git": {
          "remote": "https://github.com/etcd-io/etcd",
          "subdir": "contrib/mixin"
        }
      },
      "version": "60d5159091ab06e80ad446ce9e4f415e5f53439e"
    },
    {
      "source": {
        "git": {
          "remote": "https://github.com/prometheus-operator/prometheus-operator",
          "subdir": "jsonnet/prometheus-operator"
        }
      },
      "version": "release-0.44"
    },
    {
      "source": {
        "git": {
          "remote": "https://github.com/prometheus-operator/prometheus-operator",
          "subdir": "jsonnet/mixin"
        }
      },
      "version": "release-0.44"
    },
    {
      "source": {
        "git": {
          "remote": "https://github.com/kubernetes-monitoring/kubernetes-mixin",
          "subdir": ""
        }
      },
      "version": "release-0.6"
    },
    {
      "source": {
        "git": {
          "remote": "https://github.com/kubernetes/kube-state-metrics",
          "subdir": "jsonnet/kube-state-metrics"
        }
      },
      "version": "release-1.9"
    },
    {
      "source": {
        "git": {
          "remote": "https://github.com/kubernetes/kube-state-metrics",
          "subdir": "jsonnet/kube-state-metrics-mixin"
        }
      },
      "version": "release-1.9"
    },
    {
      "source": {
        "git": {
          "remote": "https://github.com/prometheus/node_exporter",
          "subdir": "docs/node-mixin"
        }
      },
      "version": "8b466360a35581e0301bd22918be7011cf4203c3"
    },
    {
      "source": {
        "git": {
          "remote": "https://github.com/prometheus/prometheus",
          "subdir": "documentation/prometheus-mixin"
        }
      },
      "version": "release-2.23",
      "name": "prometheus"
    },
    {
      "source": {
        "git": {
          "remote": "https://github.com/prometheus/alertmanager",
          "subdir": "doc/alertmanager-mixin"
        }
      },
      "version": "193ebba04d1e70d971047e983a0b489112610460",
      "name": "alertmanager"
    },
    {
      "source": {
        "git": {
          "remote": "https://github.com/thanos-io/thanos",
          "subdir": "mixin"
        }
      },
      "version": "release-0.17"
    }
  ],
  "legacyImports": true
}
